aa_pos,motif,domain,type
88,NVT,C1,conserved
136,NGT,V1,variable
141,NAS,V1,variable
146,NDT,V1,variable
156,NCS,V1,variable
160,NMT,V2,variable
197,NTS,C2,conserved
230,NET,C2,conserved
234,NGT,C2,conserved
241,NVS,C2,conserved
262,NGS,C2,conserved
276,NLT,C2,conserved
301,NNT,V3,variable
332,NIS,C3,conserved
339,NET,C3,conserved
344,NVS,C3,conserved
386,NTS,V4,variable
397,NET,V4,variable
402,NDT,V4,variable
407,NST,V4,variable
442,NIT,C4,conserved
463,NDT,V5,variable
611,NSS,gp41,conserved
616,NKS,gp41,conserved
625,NMT,gp41,conserved
637,NYS,gp41,conserved
