sample_id,gaps,Ns,A,C,G,T,aligned_width,called_bases,ungapped_len,pct_missing,pct_N,gc_content
A-Moscow-01-2009|2009.386,754,0,4133,2377,3026,2819,13109,12355,12355,5.75,0,43.73
A-Netherlands-602-2009|2009.326,112,0,4321,2523,3167,2985,13109,12996,12996,0.85,0,43.78
A-Norway-1168-2009|2009.348,104,0,4330,2518,3171,2986,13109,13005,13005,0.79,0,43.74
A-Osaka-1-2009|2009.373,66,0,4348,2524,3176,2994,13109,13042,13042,0.5,0,43.7
A-Mexico-4486-2009|2009.285,33,0,4347,2530,3185,3013,13109,13075,13075,0.25,0,43.71
A-New-York-3099-2009|2009.326,9,0,4359,2540,3188,3013,13109,13100,13100,0.07,0,43.73
A-New-York-3260-2009|2009.321,6,0,4367,2539,3185,3012,13109,13103,13103,0.05,0,43.68
A-England-207-2009|2009.329,4,0,4368,2540,3185,3012,13109,13105,13105,0.03,0,43.69
A-New-York-3190-2009|2009.326,3,0,4367,2540,3187,3012,13109,13106,13106,0.02,0,43.7
A-New-York-3261-2009|2009.326,3,0,4365,2540,3188,3013,13109,13106,13106,0.02,0,43.71
A-New-York-3187-2009|2009.332,3,0,4368,2538,3187,3013,13109,13106,13106,0.02,0,43.68
A-Mexico-InDRE4487-2009|2009.285,0,0,4363,2540,3193,3013,13109,13109,13109,0,0,43.73
A-Texas-04-2009|2009.285,0,0,4365,2543,3189,3012,13109,13109,13109,0,0,43.73
A-Texas-15-2009|2009.288,0,0,4367,2541,3188,3013,13109,13109,13109,0,0,43.7
A-California-06-2009|2009.290,0,0,4363,2538,3193,3015,13109,13109,13109,0,0,43.72
A-Mexico-4604-2009|2009.299,0,0,4365,2542,3189,3013,13109,13109,13109,0,0,43.72
A-Indiana-09-2009|2009.307,0,0,4369,2540,3185,3015,13109,13109,13109,0,0,43.67
A-Canada-NS-RV1535-2009|2009.312,0,0,4359,2541,3195,3014,13109,13109,13109,0,0,43.76
A-Canada-ON-RV1527-2009|2009.312,0,0,4370,2541,3186,3012,13109,13109,13109,0,0,43.69
A-New-York-23-2009|2009.312,0,0,4370,2540,3186,3013,13109,13109,13109,0,0,43.68
A-California-14-2009|2009.315,0,0,4369,2540,3187,3013,13109,13109,13109,0,0,43.69
A-Mexico-47N-2009|2009.315,0,0,4362,2543,3192,3012,13109,13109,13109,0,0,43.75
A-New-York-10-2009|2009.315,0,0,4369,2539,3188,3013,13109,13109,13109,0,0,43.69
A-New-York-3191-2009|2009.315,0,0,4369,2539,3187,3014,13109,13109,13109,0,0,43.68
A-New-York-3214-2009|2009.315,0,0,4370,2540,3185,3013,13109,13108,13108,0,0,43.68
A-Texas-09-2009|2009.315,0,0,4366,2547,3186,3009,13109,13108,13108,0,0,43.74
A-Michigan-02-2009|2009.318,0,0,4366,2539,3189,3015,13109,13109,13109,0,0,43.7
A-New-York-3168-2009|2009.318,0,0,4370,2540,3186,3013,13109,13109,13109,0,0,43.68
A-New-York-1682-2009|2009.321,0,0,4363,2540,3190,3016,13109,13109,13109,0,0,43.71
A-New-York-3172-2009|2009.321,0,0,4367,2540,3188,3014,13109,13109,13109,0,0,43.7
A-New-York-3173-2009|2009.323,0,0,4369,2540,3187,3013,13109,13109,13109,0,0,43.69
A-New-York-3193-2009|2009.323,0,0,4371,2540,3185,3013,13109,13109,13109,0,0,43.67
A-Hong-Kong-01-2009|2009.329,0,0,4363,2540,3191,3015,13109,13109,13109,0,0,43.72
A-New-York-3232-2009|2009.329,0,0,4368,2540,3188,3013,13109,13109,13109,0,0,43.7
A-Paris-2580-2009|2009.329,0,0,4361,2539,3194,3015,13109,13109,13109,0,0,43.73
A-Paris-2590-2009|2009.329,0,0,4363,2538,3190,3014,13109,13105,13105,0,0,43.71
A-Korea-01-2009|2009.334,0,0,4367,2541,3188,3013,13109,13109,13109,0,0,43.7
A-Nonthaburi-102-2009|2009.348,0,0,4362,2539,3193,3015,13109,13109,13109,0,0,43.73
A-Narita-1-2009|2009.351,0,0,4366,2541,3189,3013,13109,13109,13109,0,0,43.71
A-Shandong-1-2009|2009.356,0,0,4366,2537,3188,3018,13109,13109,13109,0,0,43.67
A-Sichuan-1-2009|2009.356,0,0,4365,2538,3191,3015,13109,13109,13109,0,0,43.7
A-Beijing-01-2009|2009.370,0,0,4366,2540,3189,3014,13109,13109,13109,0,0,43.7
A-Osaka-C-1-2009|2009.373,0,0,4370,2544,3185,3010,13109,13109,13109,0,0,43.7
A-Hyogo-1-2009|2009.375,0,0,4371,2544,3184,3010,13109,13109,13109,0,0,43.7
A-Guangdong-1-2009|2009.378,0,0,4363,2540,3192,3014,13109,13109,13109,0,0,43.73
A-Beijing-3-2009|2009.384,0,0,4368,2541,3187,3013,13109,13109,13109,0,0,43.7
A-Fujian-1-2009|2009.389,0,0,4372,2540,3185,3012,13109,13109,13109,0,0,43.67
A-Shanghai-1-2009|2009.392,0,0,4369,2540,3186,3013,13109,13108,13108,0,0,43.68
A-Zhejiang-1-2009|2009.392,0,0,4371,2542,3185,3011,13109,13109,13109,0,0,43.69
A-Guangdong-2-2009|2009.403,0,0,4368,2541,3187,3013,13109,13109,13109,0,0,43.7
